sensor,wall,day,date,rainfall_mm,cum_rainfall_mm,temp_c,mean_incl_deg,max_incl_deg,min_incl_deg,pct_over_threshold
W1,Western,1,2023-06-01,0.0,0.0,28.28,0.781,0.8331,0.7169,0.0
W1,Western,2,2023-06-02,14.31,14.3,28.14,0.8641,0.9345,0.8044,0.0
W1,Western,3,2023-06-03,0.0,14.3,28.12,0.8847,0.937,0.8309,0.0
W1,Western,4,2023-06-04,6.38,20.7,28.67,0.9557,1.1022,0.9047,0.0
W1,Western,5,2023-06-05,2.23,22.9,27.88,0.8965,1.2006,0.8461,0.0
W1,Western,6,2023-06-06,0.0,22.9,28.71,0.8551,0.912,0.7985,0.0
W1,Western,7,2023-06-07,0.01,22.9,28.32,0.873,0.9245,0.8216,0.0
W1,Western,8,2023-06-08,0.05,23.0,28.87,0.9733,1.0377,0.9233,0.0
W1,Western,9,2023-06-09,5.85,28.8,28.58,1.0791,1.1686,1.0274,0.0
W1,Western,10,2023-06-10,4.39,33.2,29.04,1.0311,1.3384,0.9792,0.0
W1,Western,11,2023-06-11,5.3,38.5,28.59,1.1035,1.3814,1.0468,0.0
W1,Western,12,2023-06-12,2.63,41.2,27.72,1.1492,1.2405,1.0989,0.0
W1,Western,13,2023-06-13,13.1,54.3,28.11,1.2325,1.4398,1.1803,0.0
W1,Western,14,2023-06-14,0.0,54.3,27.93,0.9898,1.0478,0.9398,0.0
W1,Western,15,2023-06-15,23.4,77.7,27.72,1.2002,1.4945,1.1456,0.0
W1,Western,16,2023-06-16,31.34,109.0,28.38,1.3942,1.6793,1.3366,0.0
W1,Western,17,2023-06-17,1.42,110.4,28.63,1.4492,1.6412,1.3892,0.0
W1,Western,18,2023-06-18,2.66,113.1,28.07,1.595,1.9094,1.537,0.0
W1,Western,19,2023-06-19,0.0,113.1,27.99,2.1023,2.3807,2.0416,100.0
W1,Western,20,2023-06-20,58.02,171.1,27.25,2.6879,2.9887,2.6321,100.0
W1,Western,21,2023-06-21,32.03,203.1,27.27,1.9483,2.003,1.8945,0.017
W1,Western,22,2023-06-22,6.3,209.4,28.01,1.7282,2.0741,1.6588,0.017
W1,Western,23,2023-06-23,16.44,225.9,28.2,1.445,1.7568,1.3886,0.0
W1,Western,24,2023-06-24,9.97,235.8,28.66,1.4518,1.668,1.398,0.0
W1,Western,25,2023-06-25,5.41,241.3,28.54,1.3673,1.5509,1.3152,0.0
W1,Western,26,2023-06-26,1.42,242.7,27.46,1.4414,1.6806,1.3914,0.0
W1,Western,27,2023-06-27,4.56,247.2,28.43,1.3156,1.5982,1.265,0.0
W1,Western,28,2023-06-28,8.19,255.4,28.26,0.8106,0.8674,0.7599,0.0
W1,Western,29,2023-06-29,6.1,261.5,28.44,0.8445,0.9732,0.7921,0.0
W1,Western,30,2023-06-30,8.92,270.4,28.87,0.3563,0.4815,0.2956,0.0
W1,Western,31,2023-07-01,0.01,270.5,27.57,0.1117,0.3961,0.059,0.0
W1,Western,32,2023-07-02,0.0,270.5,28.16,-0.4007,-0.1412,-0.4539,0.0
W1,Western,33,2023-07-03,2.07,272.5,28.6,-0.8799,-0.7237,-0.9423,0.0
W1,Western,34,2023-07-04,2.9,275.4,27.71,-1.0291,-0.778,-1.0791,0.0
W1,Western,35,2023-07-05,1.58,277.0,28.96,-1.6546,-1.5976,-1.7053,0.0
W1,Western,36,2023-07-06,6.2,283.2,28.42,-1.3078,-1.1493,-1.358,0.0
W1,Western,37,2023-07-07,2.6,285.8,28.69,-1.256,-0.9358,-1.3111,0.0
W1,Western,38,2023-07-08,14.78,300.6,27.88,-1.3723,-1.1558,-1.4293,0.0
W1,Western,39,2023-07-09,2.68,303.3,28.67,-1.3334,-1.0418,-1.3901,0.0
W1,Western,40,2023-07-10,10.7,314.0,28.61,-1.1609,-0.8614,-1.2124,0.0
W1,Western,41,2023-07-11,7.76,321.7,28.34,-1.3875,-1.1431,-1.4416,0.0
W1,Western,42,2023-07-12,5.41,327.1,28.39,-1.6861,-1.6346,-1.7444,0.0
W1,Western,43,2023-07-13,8.71,335.8,28.33,-1.3705,-1.1372,-1.4233,0.0
W1,Western,44,2023-07-14,18.98,354.8,27.68,-1.2454,-0.9557,-1.3137,0.0
W1,Western,45,2023-07-15,24.26,379.1,27.86,-1.1908,-0.879,-1.2409,0.0
W1,Western,46,2023-07-16,0.0,379.1,28.34,-1.2329,-0.9417,-1.2936,0.0
W1,Western,47,2023-07-17,46.35,425.4,27.63,-1.124,-0.8707,-1.1796,0.0
W1,Western,48,2023-07-18,44.7,470.1,27.91,-1.0907,-0.7913,-1.1441,0.0
W1,Western,49,2023-07-19,40.61,510.7,27.16,-1.487,-1.433,-1.5386,0.0
W1,Western,50,2023-07-20,64.97,575.7,27.05,-0.9344,-0.6406,-0.992,0.0
W1,Western,51,2023-07-21,39.05,614.8,28.21,-0.8861,-0.6281,-0.9379,0.0
W1,Western,52,2023-07-22,32.23,647.0,27.46,-0.8573,-0.5713,-0.9143,0.0
W1,Western,53,2023-07-23,9.97,657.0,27.87,-0.9009,-0.6192,-0.9555,0.0
W1,Western,54,2023-07-24,9.39,666.4,28.29,-0.9557,-0.6961,-1.0101,0.0
W1,Western,55,2023-07-25,7.55,673.9,28.59,-1.1389,-0.9569,-1.1891,0.0
W1,Western,56,2023-07-26,0.0,673.9,28.4,-1.4547,-1.4026,-1.5128,0.0
W1,Western,57,2023-07-27,24.47,698.4,28.44,-1.2983,-1.0481,-1.3558,0.0
W1,Western,58,2023-07-28,6.83,705.2,28.61,-1.1847,-0.8823,-1.2364,0.0
W1,Western,59,2023-07-29,20.27,725.5,28.33,-1.3038,-1.0248,-1.3581,0.0
W1,Western,60,2023-07-30,5.16,730.6,28.52,-1.3802,-1.1155,-1.4357,0.0
W1,Western,61,2023-07-31,10.88,741.5,29.11,-1.2763,-1.2135,-1.3213,0.0
W1,Western,62,2023-08-01,8.91,750.4,28.14,-1.3341,-1.2672,-1.3872,0.0
W1,Western,63,2023-08-02,1.6,752.0,27.57,-1.5651,-1.5092,-1.6172,0.0
W1,Western,64,2023-08-03,0.0,752.0,29.04,-1.5562,-1.4956,-1.6167,0.0
W1,Western,65,2023-08-04,5.29,757.3,28.11,-1.6602,-1.5914,-1.7111,0.0
W2,Western,1,2023-06-01,0.0,0.0,28.28,0.2802,0.3362,0.2237,0.0
W2,Western,2,2023-06-02,14.31,14.3,28.14,0.3952,0.4556,0.34,0.0
W2,Western,3,2023-06-03,0.0,14.3,28.12,0.4046,0.4638,0.3514,0.0
W2,Western,4,2023-06-04,6.38,20.7,28.67,0.4408,0.5038,0.3854,0.0
W2,Western,5,2023-06-05,2.23,22.9,27.88,0.4477,0.8036,0.3943,0.0
W2,Western,6,2023-06-06,0.0,22.9,28.71,0.4133,0.481,0.358,0.0
W2,Western,7,2023-06-07,0.01,22.9,28.32,0.419,0.4794,0.366,0.0
W2,Western,8,2023-06-08,0.05,23.0,28.87,0.4683,0.5398,0.4147,0.0
W2,Western,9,2023-06-09,5.85,28.8,28.58,0.4963,0.5668,0.4449,0.0
W2,Western,10,2023-06-10,4.39,33.2,29.04,0.6488,0.7184,0.597,0.0
W2,Western,11,2023-06-11,5.3,38.5,28.59,0.6628,0.9658,0.6124,0.0
W2,Western,12,2023-06-12,2.63,41.2,27.72,0.6933,0.7589,0.6371,0.0
W2,Western,13,2023-06-13,13.1,54.3,28.11,0.6293,0.9603,0.5743,0.0
W2,Western,14,2023-06-14,0.0,54.3,27.93,0.4415,0.4927,0.3879,0.0
W2,Western,15,2023-06-15,23.4,77.7,27.72,0.8671,1.1848,0.8128,0.0
W2,Western,16,2023-06-16,31.34,109.0,28.38,0.96,1.2199,0.9084,0.0
W2,Western,17,2023-06-17,1.42,110.4,28.63,0.9577,1.1798,0.9033,0.0
W2,Western,18,2023-06-18,2.66,113.1,28.07,0.9715,1.2999,0.9161,0.0
W2,Western,19,2023-06-19,0.0,113.1,27.99,0.8808,1.2163,0.8296,0.0
W2,Western,20,2023-06-20,58.02,171.1,27.25,1.1969,1.427,1.1389,0.0
W2,Western,21,2023-06-21,32.03,203.1,27.27,0.6337,0.6827,0.5658,0.0
W2,Western,22,2023-06-22,6.3,209.4,28.01,1.0458,1.443,0.99,0.0
W2,Western,23,2023-06-23,16.44,225.9,28.2,1.0692,1.1788,1.0198,0.0
W2,Western,24,2023-06-24,9.97,235.8,28.66,1.2531,1.5734,1.1963,0.0
W2,Western,25,2023-06-25,5.41,241.3,28.54,1.1013,1.3005,1.0501,0.0
W2,Western,26,2023-06-26,1.42,242.7,27.46,1.2153,1.5547,1.1585,0.0
W2,Western,27,2023-06-27,4.56,247.2,28.43,1.1035,1.3679,1.0516,0.0
W2,Western,28,2023-06-28,8.19,255.4,28.26,0.6225,0.6869,0.5585,0.0
W2,Western,29,2023-06-29,6.1,261.5,28.44,0.9144,1.1567,0.8586,0.0
W2,Western,30,2023-06-30,8.92,270.4,28.87,1.0611,1.3442,1.0013,0.0
W2,Western,31,2023-07-01,0.01,270.5,27.57,0.868,1.1065,0.8159,0.0
W2,Western,32,2023-07-02,0.0,270.5,28.16,0.8882,1.1511,0.8369,0.0
W2,Western,33,2023-07-03,2.07,272.5,28.6,0.8181,1.1732,0.7432,0.0
W2,Western,34,2023-07-04,2.9,275.4,27.71,0.9777,1.326,0.9221,0.0
W2,Western,35,2023-07-05,1.58,277.0,28.96,0.3311,0.3859,0.2715,0.0
W2,Western,36,2023-07-06,6.2,283.2,28.42,0.9971,1.0813,0.9461,0.0
W2,Western,37,2023-07-07,2.6,285.8,28.69,0.9649,1.2832,0.914,0.0
W2,Western,38,2023-07-08,14.78,300.6,27.88,1.0032,1.321,0.9443,0.0
W2,Western,39,2023-07-09,2.68,303.3,28.67,0.9956,1.1921,0.9403,0.0
W2,Western,40,2023-07-10,10.7,314.0,28.61,1.0362,1.4127,0.9774,0.0
W2,Western,41,2023-07-11,7.76,321.7,28.34,0.9364,1.2898,0.8781,0.0
W2,Western,42,2023-07-12,5.41,327.1,28.39,0.5018,0.5577,0.4526,0.0
W2,Western,43,2023-07-13,8.71,335.8,28.33,0.9496,1.3261,0.8963,0.0
W2,Western,44,2023-07-14,18.98,354.8,27.68,1.0679,1.4261,1.0169,0.0
W2,Western,45,2023-07-15,24.26,379.1,27.86,1.1449,1.4628,1.0928,0.0
W2,Western,46,2023-07-16,0.0,379.1,28.34,1.1468,1.5148,1.0918,0.0
W2,Western,47,2023-07-17,46.35,425.4,27.63,1.293,1.6532,1.2377,0.0
W2,Western,48,2023-07-18,44.7,470.1,27.91,1.1455,1.4716,1.0834,0.0
W2,Western,49,2023-07-19,40.61,510.7,27.16,0.9232,0.9757,0.8695,0.0
W2,Western,50,2023-07-20,64.97,575.7,27.05,1.8048,1.9456,1.755,0.0
W2,Western,51,2023-07-21,39.05,614.8,28.21,2.4214,2.6176,2.3692,100.0
W2,Western,52,2023-07-22,32.23,647.0,27.46,2.8818,3.251,2.8265,100.0
W2,Western,53,2023-07-23,9.97,657.0,27.87,2.3834,2.753,2.3272,100.0
W2,Western,54,2023-07-24,9.39,666.4,28.29,1.7762,1.9883,1.7242,0.0
W2,Western,55,2023-07-25,7.55,673.9,28.59,1.2883,1.6211,1.2359,0.0
W2,Western,56,2023-07-26,0.0,673.9,28.4,0.7581,0.8126,0.6997,0.0
W2,Western,57,2023-07-27,24.47,698.4,28.44,1.0848,1.2516,1.0338,0.0
W2,Western,58,2023-07-28,6.83,705.2,28.61,1.1108,1.1878,1.0535,0.0
W2,Western,59,2023-07-29,20.27,725.5,28.33,1.1685,1.4556,1.1167,0.0
W2,Western,60,2023-07-30,5.16,730.6,28.52,0.9798,1.3036,0.9282,0.0
W2,Western,61,2023-07-31,10.88,741.5,29.11,0.9862,1.2758,0.9361,0.0
W2,Western,62,2023-08-01,8.91,750.4,28.14,0.8524,1.0385,0.8012,0.0
W2,Western,63,2023-08-02,1.6,752.0,27.57,0.6749,0.7372,0.6244,0.0
W2,Western,64,2023-08-03,0.0,752.0,29.04,0.7853,0.8618,0.73,0.0
W2,Western,65,2023-08-04,5.29,757.3,28.11,0.8043,0.8721,0.7505,0.0
W3,Western,1,2023-06-01,0.0,0.0,28.28,1.135,1.1869,1.0866,0.0
W3,Western,2,2023-06-02,14.31,14.3,28.14,1.1937,1.2508,1.1416,0.0
W3,Western,3,2023-06-03,0.0,14.3,28.12,1.2962,1.3767,1.2433,0.0
W3,Western,4,2023-06-04,6.38,20.7,28.67,1.3745,1.4618,1.318,0.0
W3,Western,5,2023-06-05,2.23,22.9,27.88,1.3628,1.7762,1.3134,0.0
W3,Western,6,2023-06-06,0.0,22.9,28.71,1.4187,1.9441,1.3648,0.0
W3,Western,7,2023-06-07,0.01,22.9,28.32,1.1554,1.2145,1.1022,0.0
W3,Western,8,2023-06-08,0.05,23.0,28.87,1.4817,2.046,1.4322,0.017
W3,Western,9,2023-06-09,5.85,28.8,28.58,1.5564,1.6476,1.5014,0.0
W3,Western,10,2023-06-10,4.39,33.2,29.04,1.5237,1.621,1.4669,0.0
W3,Western,11,2023-06-11,5.3,38.5,28.59,1.8039,2.2815,1.7522,0.017
W3,Western,12,2023-06-12,2.63,41.2,27.72,1.7748,1.8665,1.7256,0.0
W3,Western,13,2023-06-13,13.1,54.3,28.11,1.6538,1.9141,1.5887,0.0
W3,Western,14,2023-06-14,0.0,54.3,27.93,1.2704,1.3272,1.2105,0.0
W3,Western,15,2023-06-15,23.4,77.7,27.72,1.7117,2.0627,1.6536,0.017
W3,Western,16,2023-06-16,31.34,109.0,28.38,2.1118,2.4006,2.0571,100.0
W3,Western,17,2023-06-17,1.42,110.4,28.63,2.1392,2.6486,2.0811,100.0
W3,Western,18,2023-06-18,2.66,113.1,28.07,2.2119,2.5962,2.1556,100.0
W3,Western,19,2023-06-19,0.0,113.1,27.99,1.9284,2.3414,1.8757,0.243
W3,Western,20,2023-06-20,58.02,171.1,27.25,2.3718,2.7674,2.318,100.0
W3,Western,21,2023-06-21,32.03,203.1,27.27,1.6783,1.7396,1.6249,0.0
W3,Western,22,2023-06-22,6.3,209.4,28.01,2.422,2.8381,2.3656,100.0
W3,Western,23,2023-06-23,16.44,225.9,28.2,2.213,2.7443,2.1623,100.0
W3,Western,24,2023-06-24,9.97,235.8,28.66,2.4165,2.8572,2.3676,100.0
W3,Western,25,2023-06-25,5.41,241.3,28.54,2.2284,2.7527,2.1731,100.0
W3,Western,26,2023-06-26,1.42,242.7,27.46,2.3813,2.807,2.3314,100.0
W3,Western,27,2023-06-27,4.56,247.2,28.43,2.3247,2.7768,2.2683,100.0
W3,Western,28,2023-06-28,8.19,255.4,28.26,1.5073,1.5658,1.4554,0.0
W3,Western,29,2023-06-29,6.1,261.5,28.44,2.0949,2.3355,2.043,100.0
W3,Western,30,2023-06-30,8.92,270.4,28.87,2.175,2.4425,2.1118,100.0
W3,Western,31,2023-07-01,0.01,270.5,27.57,2.2789,2.7973,2.2213,100.0
W3,Western,32,2023-07-02,0.0,270.5,28.16,2.3099,2.5302,2.2544,100.0
W3,Western,33,2023-07-03,2.07,272.5,28.6,2.1374,2.6339,2.0829,100.0
W3,Western,34,2023-07-04,2.9,275.4,27.71,2.1787,2.6075,2.1269,100.0
W3,Western,35,2023-07-05,1.58,277.0,28.96,1.3616,1.4127,1.3115,0.0
W3,Western,36,2023-07-06,6.2,283.2,28.42,2.3281,2.831,2.2738,100.0
W3,Western,37,2023-07-07,2.6,285.8,28.69,2.3689,2.937,2.3183,100.0
W3,Western,38,2023-07-08,14.78,300.6,27.88,2.3534,2.8648,2.2954,100.0
W3,Western,39,2023-07-09,2.68,303.3,28.67,2.2759,2.779,2.2218,100.0
W3,Western,40,2023-07-10,10.7,314.0,28.61,2.3659,2.865,2.3117,100.0
W3,Western,41,2023-07-11,7.76,321.7,28.34,2.0864,2.2059,2.0337,100.0
W3,Western,42,2023-07-12,5.41,327.1,28.39,1.5422,1.5935,1.4913,0.0
W3,Western,43,2023-07-13,8.71,335.8,28.33,2.2556,2.736,2.1978,100.0
W3,Western,44,2023-07-14,18.98,354.8,27.68,2.3438,2.8417,2.2851,100.0
W3,Western,45,2023-07-15,24.26,379.1,27.86,2.5992,3.1069,2.5469,100.0
W3,Western,46,2023-07-16,0.0,379.1,28.34,2.4849,2.9902,2.4245,100.0
W3,Western,47,2023-07-17,46.35,425.4,27.63,2.6489,3.1948,2.5924,100.0
W3,Western,48,2023-07-18,44.7,470.1,27.91,2.6424,3.1657,2.5919,100.0
W3,Western,49,2023-07-19,40.61,510.7,27.16,2.0694,2.129,2.0117,100.0
W3,Western,50,2023-07-20,64.97,575.7,27.05,2.8942,3.0024,2.8405,100.0
W3,Western,51,2023-07-21,39.05,614.8,28.21,2.9547,3.2183,2.8884,100.0
W3,Western,52,2023-07-22,32.23,647.0,27.46,3.106,3.5891,3.0515,100.0
W3,Western,53,2023-07-23,9.97,657.0,27.87,3.0006,3.4179,2.9481,100.0
W3,Western,54,2023-07-24,9.39,666.4,28.29,2.8393,3.2614,2.78,100.0
W3,Western,55,2023-07-25,7.55,673.9,28.59,2.4739,2.7501,2.4225,100.0
W3,Western,56,2023-07-26,0.0,673.9,28.4,1.9251,1.976,1.8733,0.0
W3,Western,57,2023-07-27,24.47,698.4,28.44,2.3166,2.8292,2.2597,100.0
W3,Western,58,2023-07-28,6.83,705.2,28.61,2.3888,2.9094,2.327,100.0
W3,Western,59,2023-07-29,20.27,725.5,28.33,2.4346,2.7941,2.3872,100.0
W3,Western,60,2023-07-30,5.16,730.6,28.52,2.1626,2.4945,2.1126,100.0
W3,Western,61,2023-07-31,10.88,741.5,29.11,2.1078,2.2108,2.0544,100.0
W3,Western,62,2023-08-01,8.91,750.4,28.14,2.0217,2.1172,1.9656,90.59
W3,Western,63,2023-08-02,1.6,752.0,27.57,1.7254,1.7782,1.6703,0.0
W3,Western,64,2023-08-03,0.0,752.0,29.04,1.8745,2.2877,1.814,0.017
W3,Western,65,2023-08-04,5.29,757.3,28.11,1.8172,1.871,1.7674,0.0
W4,Western,1,2023-06-01,0.0,0.0,28.28,0.9591,1.0138,0.9098,0.0
W4,Western,2,2023-06-02,14.31,14.3,28.14,1.1127,1.3885,1.058,0.0
W4,Western,3,2023-06-03,0.0,14.3,28.12,1.0239,1.0793,0.9717,0.0
W4,Western,4,2023-06-04,6.38,20.7,28.67,1.1631,1.5263,1.1085,0.0
W4,Western,5,2023-06-05,2.23,22.9,27.88,1.1254,1.6117,1.076,0.0
W4,Western,6,2023-06-06,0.0,22.9,28.71,1.2567,1.5597,1.2026,0.0
W4,Western,7,2023-06-07,0.01,22.9,28.32,0.9796,1.0298,0.9321,0.0
W4,Western,8,2023-06-08,0.05,23.0,28.87,1.3036,1.8076,1.25,0.0
W4,Western,9,2023-06-09,5.85,28.8,28.58,1.3483,1.6588,1.2913,0.0
W4,Western,10,2023-06-10,4.39,33.2,29.04,1.3963,1.4834,1.3491,0.0
W4,Western,11,2023-06-11,5.3,38.5,28.59,1.5182,1.9036,1.4662,0.0
W4,Western,12,2023-06-12,2.63,41.2,27.72,1.5613,1.8369,1.5072,0.0
W4,Western,13,2023-06-13,13.1,54.3,28.11,1.537,1.6215,1.4785,0.0
W4,Western,14,2023-06-14,0.0,54.3,27.93,1.0201,1.0737,0.9645,0.0
W4,Western,15,2023-06-15,23.4,77.7,27.72,1.6915,1.8967,1.6375,0.0
W4,Western,16,2023-06-16,31.34,109.0,28.38,1.8951,2.4076,1.8356,0.052
W4,Western,17,2023-06-17,1.42,110.4,28.63,1.7641,2.184,1.7099,0.087
W4,Western,18,2023-06-18,2.66,113.1,28.07,1.852,2.0523,1.8004,0.017
W4,Western,19,2023-06-19,0.0,113.1,27.99,1.7149,1.9553,1.6648,0.0
W4,Western,20,2023-06-20,58.02,171.1,27.25,2.2016,2.5492,2.1523,100.0
W4,Western,21,2023-06-21,32.03,203.1,27.27,1.4955,1.5462,1.4458,0.0
W4,Western,22,2023-06-22,6.3,209.4,28.01,2.0867,2.6346,2.0353,100.0
W4,Western,23,2023-06-23,16.44,225.9,28.2,2.0492,2.5411,1.9899,99.896
W4,Western,24,2023-06-24,9.97,235.8,28.66,2.1726,2.5475,2.1149,100.0
W4,Western,25,2023-06-25,5.41,241.3,28.54,2.0731,2.5276,2.0163,100.0
W4,Western,26,2023-06-26,1.42,242.7,27.46,2.238,2.761,2.1836,100.0
W4,Western,27,2023-06-27,4.56,247.2,28.43,2.0745,2.5843,2.0243,100.0
W4,Western,28,2023-06-28,8.19,255.4,28.26,1.3562,1.4089,1.3034,0.0
W4,Western,29,2023-06-29,6.1,261.5,28.44,1.8039,2.2944,1.7475,0.052
W4,Western,30,2023-06-30,8.92,270.4,28.87,1.9452,2.4269,1.8882,0.434
W4,Western,31,2023-07-01,0.01,270.5,27.57,1.9595,2.4991,1.9023,1.58
W4,Western,32,2023-07-02,0.0,270.5,28.16,2.1348,2.5453,2.086,100.0
W4,Western,33,2023-07-03,2.07,272.5,28.6,1.9956,2.5221,1.9399,38.038
W4,Western,34,2023-07-04,2.9,275.4,27.71,2.1504,2.2549,2.0928,100.0
W4,Western,35,2023-07-05,1.58,277.0,28.96,1.226,1.2869,1.1689,0.0
W4,Western,36,2023-07-06,6.2,283.2,28.42,2.1099,2.6279,2.0594,100.0
W4,Western,37,2023-07-07,2.6,285.8,28.69,2.226,2.7507,2.1737,100.0
W4,Western,38,2023-07-08,14.78,300.6,27.88,2.2228,2.6733,2.1692,100.0
W4,Western,39,2023-07-09,2.68,303.3,28.67,2.1655,2.6548,2.1114,100.0
W4,Western,40,2023-07-10,10.7,314.0,28.61,2.2666,2.8328,2.2107,100.0
W4,Western,41,2023-07-11,7.76,321.7,28.34,2.1041,2.5874,2.0547,100.0
W4,Western,42,2023-07-12,5.41,327.1,28.39,1.3914,1.4435,1.3433,0.0
W4,Western,43,2023-07-13,8.71,335.8,28.33,2.0677,2.5846,2.0112,100.0
W4,Western,44,2023-07-14,18.98,354.8,27.68,2.2638,2.7565,2.2123,100.0
W4,Western,45,2023-07-15,24.26,379.1,27.86,2.3257,2.785,2.2722,100.0
W4,Western,46,2023-07-16,0.0,379.1,28.34,2.395,2.5018,2.339,100.0
W4,Western,47,2023-07-17,46.35,425.4,27.63,2.6087,3.0267,2.5533,100.0
W4,Western,48,2023-07-18,44.7,470.1,27.91,2.4253,2.9317,2.3661,100.0
W4,Western,49,2023-07-19,40.61,510.7,27.16,1.9175,1.9711,1.8635,0.0
W4,Western,50,2023-07-20,64.97,575.7,27.05,2.7929,3.1114,2.7335,100.0
W4,Western,51,2023-07-21,39.05,614.8,28.21,3.0286,3.4469,2.9814,100.0
W4,Western,52,2023-07-22,32.23,647.0,27.46,3.2534,3.6793,3.1982,100.0
W4,Western,53,2023-07-23,9.97,657.0,27.87,3.053,3.5736,2.9978,100.0
W4,Western,54,2023-07-24,9.39,666.4,28.29,2.8562,3.3716,2.8069,100.0
W4,Western,55,2023-07-25,7.55,673.9,28.59,2.479,2.8224,2.4265,100.0
W4,Western,56,2023-07-26,0.0,673.9,28.4,1.732,1.7864,1.681,0.0
W4,Western,57,2023-07-27,24.47,698.4,28.44,2.2187,2.7346,2.1634,100.0
W4,Western,58,2023-07-28,6.83,705.2,28.61,2.2909,2.7542,2.2376,100.0
W4,Western,59,2023-07-29,20.27,725.5,28.33,2.2187,2.5544,2.1657,100.0
W4,Western,60,2023-07-30,5.16,730.6,28.52,2.1415,2.3724,2.0861,100.0
W4,Western,61,2023-07-31,10.88,741.5,29.11,1.9472,2.061,1.893,0.174
W4,Western,62,2023-08-01,8.91,750.4,28.14,1.9403,2.0328,1.886,0.139
W4,Western,63,2023-08-02,1.6,752.0,27.57,1.6851,1.7351,1.6286,0.0
W4,Western,64,2023-08-03,0.0,752.0,29.04,1.6992,2.2162,1.6469,0.017
W4,Western,65,2023-08-04,5.29,757.3,28.11,1.7134,2.2067,1.6582,0.017
W5,Western,1,2023-06-01,0.0,0.0,28.28,0.2767,0.3405,0.2241,0.0
W5,Western,2,2023-06-02,14.31,14.3,28.14,0.2711,0.3284,0.2137,0.0
W5,Western,3,2023-06-03,0.0,14.3,28.12,0.2873,0.3461,0.228,0.0
W5,Western,4,2023-06-04,6.38,20.7,28.67,0.3465,0.4051,0.2915,0.0
W5,Western,5,2023-06-05,2.23,22.9,27.88,0.3955,0.4512,0.3419,0.0
W5,Western,6,2023-06-06,0.0,22.9,28.71,0.3022,0.3516,0.2492,0.0
W5,Western,7,2023-06-07,0.01,22.9,28.32,0.2848,0.3403,0.232,0.0
W5,Western,8,2023-06-08,0.05,23.0,28.87,0.3722,0.4371,0.3199,0.0
W5,Western,9,2023-06-09,5.85,28.8,28.58,0.4523,0.5216,0.3829,0.0
W5,Western,10,2023-06-10,4.39,33.2,29.04,0.3269,0.3767,0.273,0.0
W5,Western,11,2023-06-11,5.3,38.5,28.59,0.4373,0.4995,0.387,0.0
W5,Western,12,2023-06-12,2.63,41.2,27.72,0.4522,0.514,0.403,0.0
W5,Western,13,2023-06-13,13.1,54.3,28.11,0.4652,0.5307,0.4116,0.0
W5,Western,14,2023-06-14,0.0,54.3,27.93,0.4339,0.4939,0.3809,0.0
W5,Western,15,2023-06-15,23.4,77.7,27.72,0.3751,0.4495,0.3232,0.0
W5,Western,16,2023-06-16,31.34,109.0,28.38,0.4491,0.5061,0.397,0.0
W5,Western,17,2023-06-17,1.42,110.4,28.63,0.5221,0.5743,0.4602,0.0
W5,Western,18,2023-06-18,2.66,113.1,28.07,0.4346,0.4944,0.3873,0.0
W5,Western,19,2023-06-19,0.0,113.1,27.99,0.4984,0.5531,0.4416,0.0
W5,Western,20,2023-06-20,58.02,171.1,27.25,0.4882,0.5437,0.4273,0.0
W5,Western,21,2023-06-21,32.03,203.1,27.27,0.5106,0.569,0.4652,0.0
W5,Western,22,2023-06-22,6.3,209.4,28.01,0.433,0.5108,0.3736,0.0
W5,Western,23,2023-06-23,16.44,225.9,28.2,0.4301,0.4909,0.3751,0.0
W5,Western,24,2023-06-24,9.97,235.8,28.66,0.5991,0.6552,0.5509,0.0
W5,Western,25,2023-06-25,5.41,241.3,28.54,0.4939,0.5673,0.4382,0.0
W5,Western,26,2023-06-26,1.42,242.7,27.46,0.6442,0.7206,0.5923,0.0
W5,Western,27,2023-06-27,4.56,247.2,28.43,0.532,0.5854,0.4738,0.0
W5,Western,28,2023-06-28,8.19,255.4,28.26,0.4797,0.5302,0.4234,0.0
W5,Western,29,2023-06-29,6.1,261.5,28.44,0.5941,0.6747,0.5437,0.0
W5,Western,30,2023-06-30,8.92,270.4,28.87,0.5365,0.589,0.4848,0.0
W5,Western,31,2023-07-01,0.01,270.5,27.57,0.6579,0.7194,0.5968,0.0
W5,Western,32,2023-07-02,0.0,270.5,28.16,0.5486,0.6041,0.4852,0.0
W5,Western,33,2023-07-03,2.07,272.5,28.6,0.5752,0.6459,0.5214,0.0
W5,Western,34,2023-07-04,2.9,275.4,27.71,0.5622,0.6212,0.4984,0.0
W5,Western,35,2023-07-05,1.58,277.0,28.96,0.5131,0.5647,0.46,0.0
W5,Western,36,2023-07-06,6.2,283.2,28.42,0.6002,0.6704,0.5431,0.0
W5,Western,37,2023-07-07,2.6,285.8,28.69,0.5771,0.6477,0.5213,0.0
W5,Western,38,2023-07-08,14.78,300.6,27.88,0.7018,0.7813,0.6456,0.0
W5,Western,39,2023-07-09,2.68,303.3,28.67,0.6193,0.7044,0.5663,0.0
W5,Western,40,2023-07-10,10.7,314.0,28.61,0.6405,0.7225,0.5879,0.0
W5,Western,41,2023-07-11,7.76,321.7,28.34,0.6435,0.7251,0.5896,0.0
W5,Western,42,2023-07-12,5.41,327.1,28.39,0.6163,0.6718,0.5585,0.0
W5,Western,43,2023-07-13,8.71,335.8,28.33,0.6704,0.7323,0.6153,0.0
W5,Western,44,2023-07-14,18.98,354.8,27.68,0.7,0.7794,0.6453,0.0
W5,Western,45,2023-07-15,24.26,379.1,27.86,0.6906,0.75,0.6354,0.0
W5,Western,46,2023-07-16,0.0,379.1,28.34,0.7672,0.8202,0.7171,0.0
W5,Western,47,2023-07-17,46.35,425.4,27.63,0.7097,0.7598,0.6582,0.0
W5,Western,48,2023-07-18,44.7,470.1,27.91,0.7759,0.8393,0.7235,0.0
W5,Western,49,2023-07-19,40.61,510.7,27.16,0.8383,0.8865,0.7853,0.0
W5,Western,50,2023-07-20,64.97,575.7,27.05,0.8338,0.9127,0.7782,0.0
W5,Western,51,2023-07-21,39.05,614.8,28.21,0.8479,0.9229,0.7972,0.0
W5,Western,52,2023-07-22,32.23,647.0,27.46,1.1168,1.1848,1.0583,0.0
W5,Western,53,2023-07-23,9.97,657.0,27.87,1.2979,1.3692,1.2414,0.0
W5,Western,54,2023-07-24,9.39,666.4,28.29,1.1072,1.1574,1.0558,0.0
W5,Western,55,2023-07-25,7.55,673.9,28.59,0.8988,0.9604,0.8476,0.0
W5,Western,56,2023-07-26,0.0,673.9,28.4,0.7628,0.8144,0.7099,0.0
W5,Western,57,2023-07-27,24.47,698.4,28.44,0.736,0.7885,0.6851,0.0
W5,Western,58,2023-07-28,6.83,705.2,28.61,0.8693,0.921,0.8195,0.0
W5,Western,59,2023-07-29,20.27,725.5,28.33,0.8138,0.8696,0.7613,0.0
W5,Western,60,2023-07-30,5.16,730.6,28.52,0.7914,0.8516,0.7354,0.0
W5,Western,61,2023-07-31,10.88,741.5,29.11,0.8076,0.8631,0.7556,0.0
W5,Western,62,2023-08-01,8.91,750.4,28.14,0.7707,0.8241,0.7071,0.0
W5,Western,63,2023-08-02,1.6,752.0,27.57,0.8027,0.8493,0.7525,0.0
W5,Western,64,2023-08-03,0.0,752.0,29.04,0.746,0.8086,0.6902,0.0
W5,Western,65,2023-08-04,5.29,757.3,28.11,0.7657,0.8197,0.7143,0.0
N1,Northern,1,2023-06-01,0.0,0.0,28.28,0.0746,0.1289,0.0203,0.0
N1,Northern,2,2023-06-02,14.31,14.3,28.14,0.1358,0.2223,0.0797,0.0
N1,Northern,3,2023-06-03,0.0,14.3,28.12,0.0896,0.1482,0.0357,0.0
N1,Northern,4,2023-06-04,6.38,20.7,28.67,0.0842,0.143,0.0315,0.0
N1,Northern,5,2023-06-05,2.23,22.9,27.88,0.1476,0.2015,0.0964,0.0
N1,Northern,6,2023-06-06,0.0,22.9,28.71,0.0984,0.3179,0.0478,0.0
N1,Northern,7,2023-06-07,0.01,22.9,28.32,0.0814,0.1406,0.0264,0.0
N1,Northern,8,2023-06-08,0.05,23.0,28.87,0.3139,0.5449,0.2563,0.0
N1,Northern,9,2023-06-09,5.85,28.8,28.58,0.2795,0.5066,0.225,0.0
N1,Northern,10,2023-06-10,4.39,33.2,29.04,0.1578,0.2159,0.0999,0.0
N1,Northern,11,2023-06-11,5.3,38.5,28.59,0.3379,0.4019,0.2846,0.0
N1,Northern,12,2023-06-12,2.63,41.2,27.72,0.3529,0.4581,0.3014,0.0
N1,Northern,13,2023-06-13,13.1,54.3,28.11,0.2412,0.3346,0.1882,0.0
N1,Northern,14,2023-06-14,0.0,54.3,27.93,0.2177,0.2726,0.1598,0.0
N1,Northern,15,2023-06-15,23.4,77.7,27.72,0.4474,0.5915,0.3884,0.0
N1,Northern,16,2023-06-16,31.34,109.0,28.38,0.5689,0.8554,0.5132,0.0
N1,Northern,17,2023-06-17,1.42,110.4,28.63,0.5878,0.7198,0.5336,0.0
N1,Northern,18,2023-06-18,2.66,113.1,28.07,0.7777,0.9936,0.7253,0.0
N1,Northern,19,2023-06-19,0.0,113.1,27.99,1.0878,1.3114,1.0286,0.0
N1,Northern,20,2023-06-20,58.02,171.1,27.25,1.6441,1.831,1.5933,0.0
N1,Northern,21,2023-06-21,32.03,203.1,27.27,0.977,1.0288,0.9253,0.0
N1,Northern,22,2023-06-22,6.3,209.4,28.01,0.8286,1.0548,0.7678,0.0
N1,Northern,23,2023-06-23,16.44,225.9,28.2,0.7151,0.9888,0.6635,0.0
N1,Northern,24,2023-06-24,9.97,235.8,28.66,0.6695,0.9093,0.6146,0.0
N1,Northern,25,2023-06-25,5.41,241.3,28.54,0.6824,0.9097,0.6294,0.0
N1,Northern,26,2023-06-26,1.42,242.7,27.46,0.7092,0.9601,0.6567,0.0
N1,Northern,27,2023-06-27,4.56,247.2,28.43,0.5825,0.8589,0.5285,0.0
N1,Northern,28,2023-06-28,8.19,255.4,28.26,0.2499,0.3049,0.1996,0.0
N1,Northern,29,2023-06-29,6.1,261.5,28.44,0.2846,0.5269,0.2318,0.0
N1,Northern,30,2023-06-30,8.92,270.4,28.87,0.2045,0.4092,0.1466,0.0
N1,Northern,31,2023-07-01,0.01,270.5,27.57,0.157,0.3029,0.1054,0.0
N1,Northern,32,2023-07-02,0.0,270.5,28.16,-0.0939,0.1932,-0.1541,0.0
N1,Northern,33,2023-07-03,2.07,272.5,28.6,-0.3707,-0.1609,-0.4285,0.0
N1,Northern,34,2023-07-04,2.9,275.4,27.71,-0.2705,-0.0262,-0.3228,0.0
N1,Northern,35,2023-07-05,1.58,277.0,28.96,-0.8083,-0.7532,-0.8702,0.0
N1,Northern,36,2023-07-06,6.2,283.2,28.42,-0.4784,-0.2892,-0.5292,0.0
N1,Northern,37,2023-07-07,2.6,285.8,28.69,-0.4596,-0.1839,-0.5127,0.0
N1,Northern,38,2023-07-08,14.78,300.6,27.88,-0.2714,-0.0361,-0.3279,0.0
N1,Northern,39,2023-07-09,2.68,303.3,28.67,-0.4043,-0.0936,-0.4584,0.0
N1,Northern,40,2023-07-10,10.7,314.0,28.61,-0.3394,-0.0677,-0.3916,0.0
N1,Northern,41,2023-07-11,7.76,321.7,28.34,-0.434,-0.3585,-0.4895,0.0
N1,Northern,42,2023-07-12,5.41,327.1,28.39,-0.7935,-0.7401,-0.85,0.0
N1,Northern,43,2023-07-13,8.71,335.8,28.33,-0.4668,-0.2678,-0.5232,0.0
N1,Northern,44,2023-07-14,18.98,354.8,27.68,-0.2823,-0.1263,-0.3371,0.0
N1,Northern,45,2023-07-15,24.26,379.1,27.86,-0.3499,-0.16,-0.4039,0.0
N1,Northern,46,2023-07-16,0.0,379.1,28.34,-0.2695,-0.0436,-0.3195,0.0
N1,Northern,47,2023-07-17,46.35,425.4,27.63,-0.1033,0.186,-0.1588,0.0
N1,Northern,48,2023-07-18,44.7,470.1,27.91,-0.1765,0.0562,-0.237,0.0
N1,Northern,49,2023-07-19,40.61,510.7,27.16,-0.4359,-0.3883,-0.4968,0.0
N1,Northern,50,2023-07-20,64.97,575.7,27.05,0.0029,0.2491,-0.0545,0.0
N1,Northern,51,2023-07-21,39.05,614.8,28.21,0.0111,0.2573,-0.0343,0.0
N1,Northern,52,2023-07-22,32.23,647.0,27.46,0.0812,0.2362,0.027,0.0
N1,Northern,53,2023-07-23,9.97,657.0,27.87,0.0414,0.3485,-0.0134,0.0
N1,Northern,54,2023-07-24,9.39,666.4,28.29,-0.1332,0.1261,-0.1862,0.0
N1,Northern,55,2023-07-25,7.55,673.9,28.59,-0.1806,-0.0452,-0.2402,0.0
N1,Northern,56,2023-07-26,0.0,673.9,28.4,-0.4728,-0.4214,-0.5294,0.0
N1,Northern,57,2023-07-27,24.47,698.4,28.44,-0.3123,-0.1775,-0.3659,0.0
N1,Northern,58,2023-07-28,6.83,705.2,28.61,-0.175,0.0942,-0.2285,0.0
N1,Northern,59,2023-07-29,20.27,725.5,28.33,-0.2537,-0.0484,-0.3041,0.0
N1,Northern,60,2023-07-30,5.16,730.6,28.52,-0.3463,-0.2907,-0.4011,0.0
N1,Northern,61,2023-07-31,10.88,741.5,29.11,-0.3761,-0.2105,-0.4331,0.0
N1,Northern,62,2023-08-01,8.91,750.4,28.14,-0.381,-0.3153,-0.4337,0.0
N1,Northern,63,2023-08-02,1.6,752.0,27.57,-0.5607,-0.5059,-0.6158,0.0
N1,Northern,64,2023-08-03,0.0,752.0,29.04,-0.5195,-0.4657,-0.5759,0.0
N1,Northern,65,2023-08-04,5.29,757.3,28.11,-0.6239,-0.5688,-0.6872,0.0
N2,Northern,1,2023-06-01,0.0,0.0,28.28,-0.1312,-0.0767,-0.1847,0.0
N2,Northern,2,2023-06-02,14.31,14.3,28.14,0.0232,0.0871,-0.0322,0.0
N2,Northern,3,2023-06-03,0.0,14.3,28.12,-0.0215,0.0326,-0.075,0.0
N2,Northern,4,2023-06-04,6.38,20.7,28.67,0.0047,0.1015,-0.0593,0.0
N2,Northern,5,2023-06-05,2.23,22.9,27.88,-0.0471,0.0172,-0.0973,0.0
N2,Northern,6,2023-06-06,0.0,22.9,28.71,0.0745,0.1357,0.0232,0.0
N2,Northern,7,2023-06-07,0.01,22.9,28.32,-0.1779,-0.1236,-0.2273,0.0
N2,Northern,8,2023-06-08,0.05,23.0,28.87,0.0924,0.155,0.0295,0.0
N2,Northern,9,2023-06-09,5.85,28.8,28.58,0.1484,0.2129,0.0952,0.0
N2,Northern,10,2023-06-10,4.39,33.2,29.04,0.1179,0.1908,0.0651,0.0
N2,Northern,11,2023-06-11,5.3,38.5,28.59,0.2803,0.3468,0.2314,0.0
N2,Northern,12,2023-06-12,2.63,41.2,27.72,0.2082,0.2778,0.1542,0.0
N2,Northern,13,2023-06-13,13.1,54.3,28.11,0.2224,0.4853,0.171,0.0
N2,Northern,14,2023-06-14,0.0,54.3,27.93,-0.0348,0.0142,-0.0866,0.0
N2,Northern,15,2023-06-15,23.4,77.7,27.72,0.3739,0.5917,0.3211,0.0
N2,Northern,16,2023-06-16,31.34,109.0,28.38,0.5695,0.8164,0.5182,0.0
N2,Northern,17,2023-06-17,1.42,110.4,28.63,0.549,0.7747,0.4942,0.0
N2,Northern,18,2023-06-18,2.66,113.1,28.07,0.5062,0.7782,0.4477,0.0
N2,Northern,19,2023-06-19,0.0,113.1,27.99,0.4126,0.5663,0.3586,0.0
N2,Northern,20,2023-06-20,58.02,171.1,27.25,0.8146,1.1635,0.7507,0.0
N2,Northern,21,2023-06-21,32.03,203.1,27.27,0.2422,0.3058,0.1918,0.0
N2,Northern,22,2023-06-22,6.3,209.4,28.01,0.5824,0.8607,0.5325,0.0
N2,Northern,23,2023-06-23,16.44,225.9,28.2,0.7745,1.042,0.7254,0.0
N2,Northern,24,2023-06-24,9.97,235.8,28.66,0.6684,0.9893,0.6113,0.0
N2,Northern,25,2023-06-25,5.41,241.3,28.54,0.6218,0.9617,0.5671,0.0
N2,Northern,26,2023-06-26,1.42,242.7,27.46,0.7111,0.9263,0.6604,0.0
N2,Northern,27,2023-06-27,4.56,247.2,28.43,0.6317,0.9525,0.576,0.0
N2,Northern,28,2023-06-28,8.19,255.4,28.26,0.2576,0.3073,0.2008,0.0
N2,Northern,29,2023-06-29,6.1,261.5,28.44,0.476,0.8019,0.4161,0.0
N2,Northern,30,2023-06-30,8.92,270.4,28.87,0.5829,0.8414,0.531,0.0
N2,Northern,31,2023-07-01,0.01,270.5,27.57,0.3417,0.6468,0.2884,0.0
N2,Northern,32,2023-07-02,0.0,270.5,28.16,0.2334,0.5456,0.1827,0.0
N2,Northern,33,2023-07-03,2.07,272.5,28.6,0.0718,0.3981,0.0143,0.0
N2,Northern,34,2023-07-04,2.9,275.4,27.71,0.1876,0.5137,0.1345,0.0
N2,Northern,35,2023-07-05,1.58,277.0,28.96,-0.3435,-0.291,-0.4103,0.0
N2,Northern,36,2023-07-06,6.2,283.2,28.42,0.1753,0.5172,0.1195,0.0
N2,Northern,37,2023-07-07,2.6,285.8,28.69,0.1814,0.4692,0.1279,0.0
N2,Northern,38,2023-07-08,14.78,300.6,27.88,0.2184,0.5473,0.1613,0.0
N2,Northern,39,2023-07-09,2.68,303.3,28.67,0.1273,0.4385,0.0774,0.0
N2,Northern,40,2023-07-10,10.7,314.0,28.61,0.2768,0.5988,0.2197,0.0
N2,Northern,41,2023-07-11,7.76,321.7,28.34,0.1823,0.4926,0.1298,0.0
N2,Northern,42,2023-07-12,5.41,327.1,28.39,-0.2657,-0.2135,-0.3218,0.0
N2,Northern,43,2023-07-13,8.71,335.8,28.33,0.1138,0.1801,0.0615,0.0
N2,Northern,44,2023-07-14,18.98,354.8,27.68,0.3134,0.6597,0.2577,0.0
N2,Northern,45,2023-07-15,24.26,379.1,27.86,0.4056,0.6213,0.3553,0.0
N2,Northern,46,2023-07-16,0.0,379.1,28.34,0.3945,0.7244,0.3397,0.0
N2,Northern,47,2023-07-17,46.35,425.4,27.63,0.3704,0.7262,0.3199,0.0
N2,Northern,48,2023-07-18,44.7,470.1,27.91,0.5465,0.8678,0.4953,0.0
N2,Northern,49,2023-07-19,40.61,510.7,27.16,0.1714,0.2225,0.1153,0.0
N2,Northern,50,2023-07-20,64.97,575.7,27.05,1.0624,1.1466,1.0129,0.0
N2,Northern,51,2023-07-21,39.05,614.8,28.21,1.8995,2.2228,1.8406,0.069
N2,Northern,52,2023-07-22,32.23,647.0,27.46,2.7107,2.9404,2.659,100.0
N2,Northern,53,2023-07-23,9.97,657.0,27.87,2.0364,2.3768,1.9869,98.958
N2,Northern,54,2023-07-24,9.39,666.4,28.29,0.9922,1.2896,0.9265,0.0
N2,Northern,55,2023-07-25,7.55,673.9,28.59,0.4905,0.825,0.4305,0.0
N2,Northern,56,2023-07-26,0.0,673.9,28.4,0.0416,0.0948,-0.0129,0.0
N2,Northern,57,2023-07-27,24.47,698.4,28.44,0.2862,0.4535,0.2308,0.0
N2,Northern,58,2023-07-28,6.83,705.2,28.61,0.2649,0.5364,0.2052,0.0
N2,Northern,59,2023-07-29,20.27,725.5,28.33,0.3661,0.449,0.3094,0.0
N2,Northern,60,2023-07-30,5.16,730.6,28.52,0.149,0.2586,0.092,0.0
N2,Northern,61,2023-07-31,10.88,741.5,29.11,0.1294,0.1964,0.0782,0.0
N2,Northern,62,2023-08-01,8.91,750.4,28.14,0.1669,0.2451,0.1154,0.0
N2,Northern,63,2023-08-02,1.6,752.0,27.57,-0.1044,-0.0528,-0.1613,0.0
N2,Northern,64,2023-08-03,0.0,752.0,29.04,0.0175,0.3017,-0.032,0.0
N2,Northern,65,2023-08-04,5.29,757.3,28.11,0.0545,0.2001,-0.0063,0.0
N3,Northern,1,2023-06-01,0.0,0.0,28.28,0.6633,0.7192,0.6055,0.0
N3,Northern,2,2023-06-02,14.31,14.3,28.14,0.7495,0.8044,0.6986,0.0
N3,Northern,3,2023-06-03,0.0,14.3,28.12,0.7438,1.2773,0.692,0.0
N3,Northern,4,2023-06-04,6.38,20.7,28.67,0.7613,0.8432,0.7136,0.0
N3,Northern,5,2023-06-05,2.23,22.9,27.88,0.7948,0.8642,0.7468,0.0
N3,Northern,6,2023-06-06,0.0,22.9,28.71,0.9123,1.2675,0.8506,0.0
N3,Northern,7,2023-06-07,0.01,22.9,28.32,0.6489,0.6967,0.5974,0.0
N3,Northern,8,2023-06-08,0.05,23.0,28.87,0.9568,1.4764,0.9069,0.0
N3,Northern,9,2023-06-09,5.85,28.8,28.58,0.9406,1.4617,0.8893,0.0
N3,Northern,10,2023-06-10,4.39,33.2,29.04,0.9554,1.4516,0.9056,0.0
N3,Northern,11,2023-06-11,5.3,38.5,28.59,1.1633,1.2679,1.1134,0.0
N3,Northern,12,2023-06-12,2.63,41.2,27.72,1.1972,1.7488,1.1429,0.0
N3,Northern,13,2023-06-13,13.1,54.3,28.11,1.1744,1.5061,1.1221,0.0
N3,Northern,14,2023-06-14,0.0,54.3,27.93,0.7489,0.8012,0.6857,0.0
N3,Northern,15,2023-06-15,23.4,77.7,27.72,1.3468,1.6858,1.2977,0.0
N3,Northern,16,2023-06-16,31.34,109.0,28.38,1.6369,2.0758,1.5782,0.017
N3,Northern,17,2023-06-17,1.42,110.4,28.63,1.4963,2.032,1.4447,0.035
N3,Northern,18,2023-06-18,2.66,113.1,28.07,1.5474,1.9431,1.4969,0.0
N3,Northern,19,2023-06-19,0.0,113.1,27.99,1.3875,1.9477,1.3256,0.0
N3,Northern,20,2023-06-20,58.02,171.1,27.25,1.919,2.2937,1.8658,0.139
N3,Northern,21,2023-06-21,32.03,203.1,27.27,1.1152,1.1778,1.0614,0.0
N3,Northern,22,2023-06-22,6.3,209.4,28.01,1.7666,1.9294,1.7085,0.0
N3,Northern,23,2023-06-23,16.44,225.9,28.2,1.7576,2.2728,1.6998,0.017
N3,Northern,24,2023-06-24,9.97,235.8,28.66,1.8509,2.3783,1.8019,0.104
N3,Northern,25,2023-06-25,5.41,241.3,28.54,1.7457,2.249,1.692,0.052
N3,Northern,26,2023-06-26,1.42,242.7,27.46,1.8097,2.3498,1.7585,0.104
N3,Northern,27,2023-06-27,4.56,247.2,28.43,1.6647,2.1712,1.6096,0.035
N3,Northern,28,2023-06-28,8.19,255.4,28.26,0.9898,1.0436,0.9392,0.0
N3,Northern,29,2023-06-29,6.1,261.5,28.44,1.5256,1.8438,1.47,0.0
N3,Northern,30,2023-06-30,8.92,270.4,28.87,1.4713,1.8006,1.4181,0.0
N3,Northern,31,2023-07-01,0.01,270.5,27.57,1.4587,2.0034,1.4025,0.017
N3,Northern,32,2023-07-02,0.0,270.5,28.16,1.2447,1.775,1.1854,0.0
N3,Northern,33,2023-07-03,2.07,272.5,28.6,1.2012,1.7481,1.1522,0.0
N3,Northern,34,2023-07-04,2.9,275.4,27.71,1.3191,1.8581,1.2639,0.0
N3,Northern,35,2023-07-05,1.58,277.0,28.96,0.33,0.3893,0.2671,0.0
N3,Northern,36,2023-07-06,6.2,283.2,28.42,1.2446,1.7235,1.1793,0.0
N3,Northern,37,2023-07-07,2.6,285.8,28.69,1.3546,1.8469,1.3007,0.0
N3,Northern,38,2023-07-08,14.78,300.6,27.88,1.2782,1.8018,1.2161,0.0
N3,Northern,39,2023-07-09,2.68,303.3,28.67,1.2527,1.7659,1.2011,0.0
N3,Northern,40,2023-07-10,10.7,314.0,28.61,1.3392,1.8871,1.2786,0.0
N3,Northern,41,2023-07-11,7.76,321.7,28.34,1.0928,1.5,1.0403,0.0
N3,Northern,42,2023-07-12,5.41,327.1,28.39,0.5639,0.6163,0.5086,0.0
N3,Northern,43,2023-07-13,8.71,335.8,28.33,1.2343,1.743,1.1837,0.0
N3,Northern,44,2023-07-14,18.98,354.8,27.68,1.4553,1.8952,1.3964,0.0
N3,Northern,45,2023-07-15,24.26,379.1,27.86,1.5509,2.1207,1.497,0.017
N3,Northern,46,2023-07-16,0.0,379.1,28.34,1.4688,1.891,1.4173,0.0
N3,Northern,47,2023-07-17,46.35,425.4,27.63,1.7543,2.124,1.698,0.017
N3,Northern,48,2023-07-18,44.7,470.1,27.91,1.6671,1.9119,1.6147,0.0
N3,Northern,49,2023-07-19,40.61,510.7,27.16,1.0871,1.1526,1.0283,0.0
N3,Northern,50,2023-07-20,64.97,575.7,27.05,2.3606,2.6653,2.2971,100.0
N3,Northern,51,2023-07-21,39.05,614.8,28.21,2.9532,3.4681,2.9046,100.0
N3,Northern,52,2023-07-22,32.23,647.0,27.46,3.3874,3.795,3.3329,100.0
N3,Northern,53,2023-07-23,9.97,657.0,27.87,2.9923,3.4778,2.9342,100.0
N3,Northern,54,2023-07-24,9.39,666.4,28.29,2.1207,2.2202,2.0566,100.0
N3,Northern,55,2023-07-25,7.55,673.9,28.59,1.6033,2.1525,1.5542,0.052
N3,Northern,56,2023-07-26,0.0,673.9,28.4,0.8497,0.8988,0.7965,0.0
N3,Northern,57,2023-07-27,24.47,698.4,28.44,1.5141,1.937,1.4654,0.0
N3,Northern,58,2023-07-28,6.83,705.2,28.61,1.4859,1.9287,1.4311,0.0
N3,Northern,59,2023-07-29,20.27,725.5,28.33,1.3632,1.7623,1.312,0.0
N3,Northern,60,2023-07-30,5.16,730.6,28.52,1.2082,1.7104,1.1421,0.0
N3,Northern,61,2023-07-31,10.88,741.5,29.11,1.1328,1.5181,1.0883,0.0
N3,Northern,62,2023-08-01,8.91,750.4,28.14,1.0399,1.2672,0.975,0.0
N3,Northern,63,2023-08-02,1.6,752.0,27.57,0.7415,0.8017,0.689,0.0
N3,Northern,64,2023-08-03,0.0,752.0,29.04,0.8629,0.9502,0.8134,0.0
N3,Northern,65,2023-08-04,5.29,757.3,28.11,0.8058,0.8954,0.7535,0.0
N4,Northern,1,2023-06-01,0.0,0.0,28.28,0.3891,0.4459,0.3304,0.0
N4,Northern,2,2023-06-02,14.31,14.3,28.14,0.4358,0.4875,0.3804,0.0
N4,Northern,3,2023-06-03,0.0,14.3,28.12,0.3842,0.4363,0.3306,0.0
N4,Northern,4,2023-06-04,6.38,20.7,28.67,0.4647,0.5246,0.4117,0.0
N4,Northern,5,2023-06-05,2.23,22.9,27.88,0.3831,0.4376,0.3297,0.0
N4,Northern,6,2023-06-06,0.0,22.9,28.71,0.4712,0.5611,0.4162,0.0
N4,Northern,7,2023-06-07,0.01,22.9,28.32,0.3336,0.39,0.2658,0.0
N4,Northern,8,2023-06-08,0.05,23.0,28.87,0.5211,0.5806,0.4659,0.0
N4,Northern,9,2023-06-09,5.85,28.8,28.58,0.5544,0.6107,0.5043,0.0
N4,Northern,10,2023-06-10,4.39,33.2,29.04,0.5029,0.5895,0.4477,0.0
N4,Northern,11,2023-06-11,5.3,38.5,28.59,0.6107,0.6579,0.5562,0.0
N4,Northern,12,2023-06-12,2.63,41.2,27.72,0.5248,0.5819,0.475,0.0
N4,Northern,13,2023-06-13,13.1,54.3,28.11,0.5198,0.5732,0.4638,0.0
N4,Northern,14,2023-06-14,0.0,54.3,27.93,0.4595,0.5166,0.4071,0.0
N4,Northern,15,2023-06-15,23.4,77.7,27.72,0.5882,0.6557,0.5336,0.0
N4,Northern,16,2023-06-16,31.34,109.0,28.38,0.5321,0.6069,0.4822,0.0
N4,Northern,17,2023-06-17,1.42,110.4,28.63,0.5968,0.6666,0.534,0.0
N4,Northern,18,2023-06-18,2.66,113.1,28.07,0.8707,0.9375,0.8212,0.0
N4,Northern,19,2023-06-19,0.0,113.1,27.99,1.3812,1.4451,1.3143,0.0
N4,Northern,20,2023-06-20,58.02,171.1,27.25,1.8061,1.864,1.7496,0.0
N4,Northern,21,2023-06-21,32.03,203.1,27.27,1.2301,1.283,1.1704,0.0
N4,Northern,22,2023-06-22,6.3,209.4,28.01,0.8472,0.9251,0.7914,0.0
N4,Northern,23,2023-06-23,16.44,225.9,28.2,0.7847,0.8362,0.7307,0.0
N4,Northern,24,2023-06-24,9.97,235.8,28.66,0.6697,0.7226,0.6072,0.0
N4,Northern,25,2023-06-25,5.41,241.3,28.54,0.6658,0.7448,0.6116,0.0
N4,Northern,26,2023-06-26,1.42,242.7,27.46,0.6436,0.7029,0.5754,0.0
N4,Northern,27,2023-06-27,4.56,247.2,28.43,0.5528,0.6295,0.5,0.0
N4,Northern,28,2023-06-28,8.19,255.4,28.26,0.4214,0.4836,0.3705,0.0
N4,Northern,29,2023-06-29,6.1,261.5,28.44,0.422,0.4867,0.3638,0.0
N4,Northern,30,2023-06-30,8.92,270.4,28.87,0.302,0.3684,0.2455,0.0
N4,Northern,31,2023-07-01,0.01,270.5,27.57,0.1172,0.1681,0.0684,0.0
N4,Northern,32,2023-07-02,0.0,270.5,28.16,-0.1232,-0.0491,-0.1748,0.0
N4,Northern,33,2023-07-03,2.07,272.5,28.6,-0.3863,-0.3296,-0.4396,0.0
N4,Northern,34,2023-07-04,2.9,275.4,27.71,-0.3747,-0.3092,-0.4332,0.0
N4,Northern,35,2023-07-05,1.58,277.0,28.96,-0.655,-0.602,-0.7092,0.0
N4,Northern,36,2023-07-06,6.2,283.2,28.42,-0.55,-0.4737,-0.6045,0.0
N4,Northern,37,2023-07-07,2.6,285.8,28.69,-0.5779,-0.5223,-0.6308,0.0
N4,Northern,38,2023-07-08,14.78,300.6,27.88,-0.5183,-0.4651,-0.5782,0.0
N4,Northern,39,2023-07-09,2.68,303.3,28.67,-0.6108,-0.546,-0.6718,0.0
N4,Northern,40,2023-07-10,10.7,314.0,28.61,-0.547,-0.4807,-0.6079,0.0
N4,Northern,41,2023-07-11,7.76,321.7,28.34,-0.5682,-0.5042,-0.6209,0.0
N4,Northern,42,2023-07-12,5.41,327.1,28.39,-0.6185,-0.5664,-0.6756,0.0
N4,Northern,43,2023-07-13,8.71,335.8,28.33,-0.5289,-0.4479,-0.586,0.0
N4,Northern,44,2023-07-14,18.98,354.8,27.68,-0.525,-0.4483,-0.5756,0.0
N4,Northern,45,2023-07-15,24.26,379.1,27.86,-0.477,-0.4203,-0.5286,0.0
N4,Northern,46,2023-07-16,0.0,379.1,28.34,-0.4843,-0.4252,-0.5419,0.0
N4,Northern,47,2023-07-17,46.35,425.4,27.63,-0.4527,-0.3553,-0.5064,0.0
N4,Northern,48,2023-07-18,44.7,470.1,27.91,-0.4566,-0.4047,-0.5121,0.0
N4,Northern,49,2023-07-19,40.61,510.7,27.16,-0.5598,-0.5091,-0.6111,0.0
N4,Northern,50,2023-07-20,64.97,575.7,27.05,-0.3266,-0.2347,-0.3763,0.0
N4,Northern,51,2023-07-21,39.05,614.8,28.21,-0.3891,-0.3047,-0.4464,0.0
N4,Northern,52,2023-07-22,32.23,647.0,27.46,-0.2726,-0.1879,-0.3246,0.0
N4,Northern,53,2023-07-23,9.97,657.0,27.87,-0.313,-0.2439,-0.3636,0.0
N4,Northern,54,2023-07-24,9.39,666.4,28.29,-0.3202,-0.2471,-0.3667,0.0
N4,Northern,55,2023-07-25,7.55,673.9,28.59,-0.2599,-0.1701,-0.3165,0.0
N4,Northern,56,2023-07-26,0.0,673.9,28.4,-0.3957,-0.3443,-0.4512,0.0
N4,Northern,57,2023-07-27,24.47,698.4,28.44,-0.4353,-0.3755,-0.4911,0.0
N4,Northern,58,2023-07-28,6.83,705.2,28.61,-0.3822,-0.294,-0.4377,0.0
N4,Northern,59,2023-07-29,20.27,725.5,28.33,-0.387,-0.303,-0.44,0.0
N4,Northern,60,2023-07-30,5.16,730.6,28.52,-0.3069,-0.2072,-0.3579,0.0
N4,Northern,61,2023-07-31,10.88,741.5,29.11,-0.3877,-0.3173,-0.4397,0.0
N4,Northern,62,2023-08-01,8.91,750.4,28.14,-0.35,-0.3044,-0.4073,0.0
N4,Northern,63,2023-08-02,1.6,752.0,27.57,-0.445,-0.3911,-0.4954,0.0
N4,Northern,64,2023-08-03,0.0,752.0,29.04,-0.4105,-0.3544,-0.4645,0.0
N4,Northern,65,2023-08-04,5.29,757.3,28.11,-0.5209,-0.4724,-0.5754,0.0
